file_name,category
/content/Bengin/Bengin case (36).jpg,Bengin
/content/Bengin/Bengin case (81).jpg,Bengin
/content/Bengin/Bengin case (112).jpg,Bengin
/content/Bengin/Bengin case (24).jpg,Bengin
/content/Bengin/Bengin case (89).jpg,Bengin
/content/Bengin/Bengin case (102).jpg,Bengin
/content/Bengin/Bengin case (98).jpg,Bengin
/content/Bengin/Bengin case (37).jpg,Bengin
/content/Bengin/Bengin case (80).jpg,Bengin
/content/Bengin/Bengin case (2).jpg,Bengin
/content/Bengin/Bengin case (28).jpg,Bengin
/content/Bengin/Bengin case (27).jpg,Bengin
/content/Bengin/Bengin case (119).jpg,Bengin
/content/Bengin/Bengin case (7).jpg,Bengin
/content/Bengin/Bengin case (115).jpg,Bengin
/content/Bengin/Bengin case (109).jpg,Bengin
/content/Bengin/Bengin case (86).jpg,Bengin
/content/Bengin/Bengin case (88).jpg,Bengin
/content/Bengin/Bengin case (47).jpg,Bengin
/content/Bengin/Bengin case (73).jpg,Bengin
/content/Bengin/Bengin case (92).jpg,Bengin
/content/Bengin/Bengin case (53).jpg,Bengin
/content/Bengin/Bengin case (52).jpg,Bengin
/content/Bengin/Bengin case (33).jpg,Bengin
/content/Bengin/Bengin case (114).jpg,Bengin
/content/Bengin/Bengin case (76).jpg,Bengin
/content/Bengin/Bengin case (21).jpg,Bengin
/content/Bengin/Bengin case (61).jpg,Bengin
/content/Bengin/Bengin case (99).jpg,Bengin
/content/Bengin/Bengin case (95).jpg,Bengin
/content/Bengin/Bengin case (94).jpg,Bengin
/content/Bengin/Bengin case (20).jpg,Bengin
/content/Bengin/Bengin case (44).jpg,Bengin
/content/Bengin/Bengin case (107).jpg,Bengin
/content/Bengin/Bengin case (74).jpg,Bengin
/content/Bengin/Bengin case (51).jpg,Bengin
/content/Bengin/Bengin case (39).jpg,Bengin
/content/Bengin/Bengin case (5).jpg,Bengin
/content/Bengin/Bengin case (118).jpg,Bengin
/content/Bengin/Bengin case (64).jpg,Bengin
/content/Bengin/Bengin case (97).jpg,Bengin
/content/Bengin/Bengin case (62).jpg,Bengin
/content/Bengin/Bengin case (40).jpg,Bengin
/content/Bengin/Bengin case (55).jpg,Bengin
/content/Bengin/Bengin case (19).jpg,Bengin
/content/Bengin/Bengin case (6).jpg,Bengin
/content/Bengin/Bengin case (54).jpg,Bengin
/content/Bengin/Bengin case (72).jpg,Bengin
/content/Bengin/Bengin case (113).jpg,Bengin
/content/Bengin/Bengin case (82).jpg,Bengin
/content/Bengin/Bengin case (101).jpg,Bengin
/content/Bengin/Bengin case (17).jpg,Bengin
/content/Bengin/Bengin case (26).jpg,Bengin
/content/Bengin/Bengin case (71).jpg,Bengin
/content/Bengin/Bengin case (50).jpg,Bengin
/content/Bengin/Bengin case (11).jpg,Bengin
/content/Bengin/Bengin case (84).jpg,Bengin
/content/Bengin/Bengin case (16).jpg,Bengin
/content/Bengin/Bengin case (120).jpg,Bengin
/content/Bengin/Bengin case (9).jpg,Bengin
/content/Bengin/Bengin case (65).jpg,Bengin
/content/Bengin/Bengin case (4).jpg,Bengin
/content/Bengin/Bengin case (57).jpg,Bengin
/content/Bengin/Bengin case (12).jpg,Bengin
/content/Bengin/Bengin case (38).jpg,Bengin
/content/Bengin/Bengin case (10).jpg,Bengin
/content/Bengin/Bengin case (14).jpg,Bengin
/content/Bengin/Bengin case (103).jpg,Bengin
/content/Bengin/Bengin case (79).jpg,Bengin
/content/Bengin/Bengin case (91).jpg,Bengin
/content/Bengin/Bengin case (105).jpg,Bengin
/content/Bengin/Bengin case (93).jpg,Bengin
/content/Bengin/Bengin case (63).jpg,Bengin
/content/Bengin/Bengin case (111).jpg,Bengin
/content/Bengin/Bengin case (60).jpg,Bengin
/content/Bengin/Bengin case (75).jpg,Bengin
/content/Bengin/Bengin case (45).jpg,Bengin
/content/Bengin/Bengin case (58).jpg,Bengin
/content/Bengin/Bengin case (32).jpg,Bengin
/content/Bengin/Bengin case (30).jpg,Bengin
/content/Bengin/Bengin case (108).jpg,Bengin
/content/Bengin/Bengin case (104).jpg,Bengin
/content/Bengin/Bengin case (46).jpg,Bengin
/content/Bengin/Bengin case (78).jpg,Bengin
/content/Bengin/Bengin case (116).jpg,Bengin
/content/Bengin/Bengin case (83).jpg,Bengin
/content/Bengin/Bengin case (56).jpg,Bengin
/content/Bengin/Bengin case (31).jpg,Bengin
/content/Bengin/Bengin case (106).jpg,Bengin
/content/Bengin/Bengin case (35).jpg,Bengin
/content/Bengin/Bengin case (67).jpg,Bengin
/content/Bengin/Bengin case (77).jpg,Bengin
/content/Bengin/Bengin case (117).jpg,Bengin
/content/Bengin/Bengin case (85).jpg,Bengin
/content/Bengin/Bengin case (25).jpg,Bengin
/content/Bengin/Bengin case (13).jpg,Bengin
/content/Bengin/Bengin case (48).jpg,Bengin
/content/Bengin/Bengin case (23).jpg,Bengin
/content/Bengin/Bengin case (90).jpg,Bengin
/content/Bengin/Bengin case (100).jpg,Bengin
/content/Bengin/Bengin case (22).jpg,Bengin
/content/Bengin/Bengin case (66).jpg,Bengin
/content/Bengin/Bengin case (15).jpg,Bengin
/content/Bengin/Bengin case (68).jpg,Bengin
/content/Bengin/Bengin case (41).jpg,Bengin
/content/Bengin/Bengin case (29).jpg,Bengin
/content/Bengin/Bengin case (1).jpg,Bengin
/content/Bengin/Bengin case (8).jpg,Bengin
/content/Bengin/Bengin case (69).jpg,Bengin
/content/Bengin/Bengin case (18).jpg,Bengin
/content/Bengin/Bengin case (34).jpg,Bengin
/content/Bengin/Bengin case (59).jpg,Bengin
/content/Bengin/Bengin case (42).jpg,Bengin
/content/Bengin/Bengin case (49).jpg,Bengin
/content/Bengin/Bengin case (70).jpg,Bengin
/content/Bengin/Bengin case (87).jpg,Bengin
/content/Bengin/Bengin case (3).jpg,Bengin
/content/Bengin/Bengin case (43).jpg,Bengin
/content/Bengin/Bengin case (110).jpg,Bengin
/content/Bengin/Bengin case (96).jpg,Bengin
/content/Malignant/Malignant case (71).jpg,Bengin
/content/Malignant/Malignant case (551).jpg,Bengin
/content/Malignant/Malignant case (23).jpg,Bengin
/content/Malignant/Malignant case (548).jpg,Bengin
/content/Malignant/Malignant case (437).jpg,Bengin
/content/Malignant/Malignant case (151).jpg,Bengin
/content/Malignant/Malignant case (246).jpg,Bengin
/content/Malignant/Malignant case (443).jpg,Bengin
/content/Malignant/Malignant case (428).jpg,Bengin
/content/Malignant/Malignant case (219).jpg,Bengin
/content/Malignant/Malignant case (136).jpg,Bengin
/content/Malignant/Malignant case (176).jpg,Bengin
/content/Malignant/Malignant case (441).jpg,Bengin
/content/Malignant/Malignant case (534).jpg,Bengin
/content/Malignant/Malignant case (5).jpg,Bengin
/content/Malignant/Malignant case (147).jpg,Bengin
/content/Malignant/Malignant case (482).jpg,Bengin
/content/Malignant/Malignant case (370).jpg,Bengin
/content/Malignant/Malignant case (192).jpg,Bengin
/content/Malignant/Malignant case (248).jpg,Bengin
/content/Malignant/Malignant case (232).jpg,Bengin
/content/Malignant/Malignant case (243).jpg,Bengin
/content/Malignant/Malignant case (358).jpg,Bengin
/content/Malignant/Malignant case (164).jpg,Bengin
/content/Malignant/Malignant case (44).jpg,Bengin
/content/Malignant/Malignant case (351).jpg,Bengin
/content/Malignant/Malignant case (157).jpg,Bengin
/content/Malignant/Malignant case (486).jpg,Bengin
/content/Malignant/Malignant case (539).jpg,Bengin
/content/Malignant/Malignant case (488).jpg,Bengin
/content/Malignant/Malignant case (97).jpg,Bengin
/content/Malignant/Malignant case (235).jpg,Bengin
/content/Malignant/Malignant case (198).jpg,Bengin
/content/Malignant/Malignant case (102).jpg,Bengin
/content/Malignant/Malignant case (517).jpg,Bengin
/content/Malignant/Malignant case (407).jpg,Bengin
/content/Malignant/Malignant case (493).jpg,Bengin
/content/Malignant/Malignant case (12).jpg,Bengin
/content/Malignant/Malignant case (83).jpg,Bengin
/content/Malignant/Malignant case (222).jpg,Bengin
/content/Malignant/Malignant case (461).jpg,Bengin
/content/Malignant/Malignant case (29).jpg,Bengin
/content/Malignant/Malignant case (415).jpg,Bengin
/content/Malignant/Malignant case (223).jpg,Bengin
/content/Malignant/Malignant case (328).jpg,Bengin
/content/Malignant/Malignant case (519).jpg,Bengin
/content/Malignant/Malignant case (185).jpg,Bengin
/content/Malignant/Malignant case (502).jpg,Bengin
/content/Malignant/Malignant case (103).jpg,Bengin
/content/Malignant/Malignant case (15).jpg,Bengin
/content/Malignant/Malignant case (526).jpg,Bengin
/content/Malignant/Malignant case (175).jpg,Bengin
/content/Malignant/Malignant case (24).jpg,Bengin
/content/Malignant/Malignant case (424).jpg,Bengin
/content/Malignant/Malignant case (75).jpg,Bengin
/content/Malignant/Malignant case (468).jpg,Bengin
/content/Malignant/Malignant case (540).jpg,Bengin
/content/Malignant/Malignant case (412).jpg,Bengin
/content/Malignant/Malignant case (537).jpg,Bengin
/content/Malignant/Malignant case (531).jpg,Bengin
/content/Malignant/Malignant case (442).jpg,Bengin
/content/Malignant/Malignant case (57).jpg,Bengin
/content/Malignant/Malignant case (467).jpg,Bengin
/content/Malignant/Malignant case (550).jpg,Bengin
/content/Malignant/Malignant case (408).jpg,Bengin
/content/Malignant/Malignant case (88).jpg,Bengin
/content/Malignant/Malignant case (7).jpg,Bengin
/content/Malignant/Malignant case (171).jpg,Bengin
/content/Malignant/Malignant case (321).jpg,Bengin
/content/Malignant/Malignant case (113).jpg,Bengin
/content/Malignant/Malignant case (47).jpg,Bengin
/content/Malignant/Malignant case (346).jpg,Bengin
/content/Malignant/Malignant case (265).jpg,Bengin
/content/Malignant/Malignant case (362).jpg,Bengin
/content/Malignant/Malignant case (478).jpg,Bengin
/content/Malignant/Malignant case (396).jpg,Bengin
/content/Malignant/Malignant case (240).jpg,Bengin
/content/Malignant/Malignant case (323).jpg,Bengin
/content/Malignant/Malignant case (316).jpg,Bengin
/content/Malignant/Malignant case (561).jpg,Bengin
/content/Malignant/Malignant case (510).jpg,Bengin
/content/Malignant/Malignant case (500).jpg,Bengin
/content/Malignant/Malignant case (414).jpg,Bengin
/content/Malignant/Malignant case (432).jpg,Bengin
/content/Malignant/Malignant case (305).jpg,Bengin
/content/Malignant/Malignant case (214).jpg,Bengin
/content/Malignant/Malignant case (110).jpg,Bengin
/content/Malignant/Malignant case (306).jpg,Bengin
/content/Malignant/Malignant case (446).jpg,Bengin
/content/Malignant/Malignant case (378).jpg,Bengin
/content/Malignant/Malignant case (469).jpg,Bengin
/content/Malignant/Malignant case (341).jpg,Bengin
/content/Malignant/Malignant case (344).jpg,Bengin
/content/Malignant/Malignant case (282).jpg,Bengin
/content/Malignant/Malignant case (54).jpg,Bengin
/content/Malignant/Malignant case (34).jpg,Bengin
/content/Malignant/Malignant case (525).jpg,Bengin
/content/Malignant/Malignant case (398).jpg,Bengin
/content/Malignant/Malignant case (215).jpg,Bengin
/content/Malignant/Malignant case (242).jpg,Bengin
/content/Malignant/Malignant case (274).jpg,Bengin
/content/Malignant/Malignant case (183).jpg,Bengin
/content/Malignant/Malignant case (250).jpg,Bengin
/content/Malignant/Malignant case (266).jpg,Bengin
/content/Malignant/Malignant case (476).jpg,Bengin
/content/Malignant/Malignant case (19).jpg,Bengin
/content/Malignant/Malignant case (280).jpg,Bengin
/content/Malignant/Malignant case (132).jpg,Bengin
/content/Malignant/Malignant case (481).jpg,Bengin
/content/Malignant/Malignant case (299).jpg,Bengin
/content/Malignant/Malignant case (340).jpg,Bengin
/content/Malignant/Malignant case (535).jpg,Bengin
/content/Malignant/Malignant case (10).jpg,Bengin
/content/Malignant/Malignant case (8).jpg,Bengin
/content/Malignant/Malignant case (524).jpg,Bengin
/content/Malignant/Malignant case (269).jpg,Bengin
/content/Malignant/Malignant case (399).jpg,Bengin
/content/Malignant/Malignant case (300).jpg,Bengin
/content/Malignant/Malignant case (320).jpg,Bengin
/content/Malignant/Malignant case (514).jpg,Bengin
/content/Malignant/Malignant case (30).jpg,Bengin
/content/Malignant/Malignant case (107).jpg,Bengin
/content/Malignant/Malignant case (126).jpg,Bengin
/content/Malignant/Malignant case (354).jpg,Bengin
/content/Malignant/Malignant case (98).jpg,Bengin
/content/Malignant/Malignant case (6).jpg,Bengin
/content/Malignant/Malignant case (230).jpg,Bengin
/content/Malignant/Malignant case (125).jpg,Bengin
/content/Malignant/Malignant case (360).jpg,Bengin
/content/Malignant/Malignant case (3).jpg,Bengin
/content/Malignant/Malignant case (228).jpg,Bengin
/content/Malignant/Malignant case (166).jpg,Bengin
/content/Malignant/Malignant case (379).jpg,Bengin
/content/Malignant/Malignant case (153).jpg,Bengin
/content/Malignant/Malignant case (513).jpg,Bengin
/content/Malignant/Malignant case (397).jpg,Bengin
/content/Malignant/Malignant case (49).jpg,Bengin
/content/Malignant/Malignant case (434).jpg,Bengin
/content/Malignant/Malignant case (425).jpg,Bengin
/content/Malignant/Malignant case (520).jpg,Bengin
/content/Malignant/Malignant case (86).jpg,Bengin
/content/Malignant/Malignant case (279).jpg,Bengin
/content/Malignant/Malignant case (128).jpg,Bengin
/content/Malignant/Malignant case (471).jpg,Bengin
/content/Malignant/Malignant case (72).jpg,Bengin
/content/Malignant/Malignant case (503).jpg,Bengin
/content/Malignant/Malignant case (309).jpg,Bengin
/content/Malignant/Malignant case (499).jpg,Bengin
/content/Malignant/Malignant case (209).jpg,Bengin
/content/Malignant/Malignant case (165).jpg,Bengin
/content/Malignant/Malignant case (194).jpg,Bengin
/content/Malignant/Malignant case (152).jpg,Bengin
/content/Malignant/Malignant case (457).jpg,Bengin
/content/Malignant/Malignant case (193).jpg,Bengin
/content/Malignant/Malignant case (357).jpg,Bengin
/content/Malignant/Malignant case (224).jpg,Bengin
/content/Malignant/Malignant case (466).jpg,Bengin
/content/Malignant/Malignant case (169).jpg,Bengin
/content/Malignant/Malignant case (395).jpg,Bengin
/content/Malignant/Malignant case (334).jpg,Bengin
/content/Malignant/Malignant case (18).jpg,Bengin
/content/Malignant/Malignant case (111).jpg,Bengin
/content/Malignant/Malignant case (196).jpg,Bengin
/content/Malignant/Malignant case (448).jpg,Bengin
/content/Malignant/Malignant case (80).jpg,Bengin
/content/Malignant/Malignant case (361).jpg,Bengin
/content/Malignant/Malignant case (308).jpg,Bengin
/content/Malignant/Malignant case (326).jpg,Bengin
/content/Malignant/Malignant case (417).jpg,Bengin
/content/Malignant/Malignant case (458).jpg,Bengin
/content/Malignant/Malignant case (234).jpg,Bengin
/content/Malignant/Malignant case (325).jpg,Bengin
/content/Malignant/Malignant case (392).jpg,Bengin
/content/Malignant/Malignant case (454).jpg,Bengin
/content/Malignant/Malignant case (419).jpg,Bengin
/content/Malignant/Malignant case (532).jpg,Bengin
/content/Malignant/Malignant case (177).jpg,Bengin
/content/Malignant/Malignant case (67).jpg,Bengin
/content/Malignant/Malignant case (271).jpg,Bengin
/content/Malignant/Malignant case (210).jpg,Bengin
/content/Malignant/Malignant case (127).jpg,Bengin
/content/Malignant/Malignant case (276).jpg,Bengin
/content/Malignant/Malignant case (394).jpg,Bengin
/content/Malignant/Malignant case (337).jpg,Bengin
/content/Malignant/Malignant case (389).jpg,Bengin
/content/Malignant/Malignant case (159).jpg,Bengin
/content/Malignant/Malignant case (410).jpg,Bengin
/content/Malignant/Malignant case (377).jpg,Bengin
/content/Malignant/Malignant case (359).jpg,Bengin
/content/Malignant/Malignant case (506).jpg,Bengin
/content/Malignant/Malignant case (162).jpg,Bengin
/content/Malignant/Malignant case (106).jpg,Bengin
/content/Malignant/Malignant case (429).jpg,Bengin
/content/Malignant/Malignant case (347).jpg,Bengin
/content/Malignant/Malignant case (401).jpg,Bengin
/content/Malignant/Malignant case (43).jpg,Bengin
/content/Malignant/Malignant case (273).jpg,Bengin
/content/Malignant/Malignant case (81).jpg,Bengin
/content/Malignant/Malignant case (284).jpg,Bengin
/content/Malignant/Malignant case (211).jpg,Bengin
/content/Malignant/Malignant case (380).jpg,Bengin
/content/Malignant/Malignant case (212).jpg,Bengin
/content/Malignant/Malignant case (313).jpg,Bengin
/content/Malignant/Malignant case (91).jpg,Bengin
/content/Malignant/Malignant case (319).jpg,Bengin
/content/Malignant/Malignant case (39).jpg,Bengin
/content/Malignant/Malignant case (92).jpg,Bengin
/content/Malignant/Malignant case (336).jpg,Bengin
/content/Malignant/Malignant case (216).jpg,Bengin
/content/Malignant/Malignant case (558).jpg,Bengin
/content/Malignant/Malignant case (314).jpg,Bengin
/content/Malignant/Malignant case (226).jpg,Bengin
/content/Malignant/Malignant case (22).jpg,Bengin
/content/Malignant/Malignant case (76).jpg,Bengin
/content/Malignant/Malignant case (213).jpg,Bengin
/content/Malignant/Malignant case (95).jpg,Bengin
/content/Malignant/Malignant case (527).jpg,Bengin
/content/Malignant/Malignant case (90).jpg,Bengin
/content/Malignant/Malignant case (123).jpg,Bengin
/content/Malignant/Malignant case (409).jpg,Bengin
/content/Malignant/Malignant case (138).jpg,Bengin
/content/Malignant/Malignant case (450).jpg,Bengin
/content/Malignant/Malignant case (247).jpg,Bengin
/content/Malignant/Malignant case (405).jpg,Bengin
/content/Malignant/Malignant case (141).jpg,Bengin
/content/Malignant/Malignant case (533).jpg,Bengin
/content/Malignant/Malignant case (262).jpg,Bengin
/content/Malignant/Malignant case (267).jpg,Bengin
/content/Malignant/Malignant case (335).jpg,Bengin
/content/Malignant/Malignant case (68).jpg,Bengin
/content/Malignant/Malignant case (89).jpg,Bengin
/content/Malignant/Malignant case (465).jpg,Bengin
/content/Malignant/Malignant case (393).jpg,Bengin
/content/Malignant/Malignant case (413).jpg,Bengin
/content/Malignant/Malignant case (292).jpg,Bengin
/content/Malignant/Malignant case (338).jpg,Bengin
/content/Malignant/Malignant case (290).jpg,Bengin
/content/Malignant/Malignant case (156).jpg,Bengin
/content/Malignant/Malignant case (119).jpg,Bengin
/content/Malignant/Malignant case (301).jpg,Bengin
/content/Malignant/Malignant case (376).jpg,Bengin
/content/Malignant/Malignant case (65).jpg,Bengin
/content/Malignant/Malignant case (173).jpg,Bengin
/content/Malignant/Malignant case (416).jpg,Bengin
/content/Malignant/Malignant case (287).jpg,Bengin
/content/Malignant/Malignant case (420).jpg,Bengin
/content/Malignant/Malignant case (105).jpg,Bengin
/content/Malignant/Malignant case (35).jpg,Bengin
/content/Malignant/Malignant case (516).jpg,Bengin
/content/Malignant/Malignant case (373).jpg,Bengin
/content/Malignant/Malignant case (255).jpg,Bengin
/content/Malignant/Malignant case (490).jpg,Bengin
/content/Malignant/Malignant case (100).jpg,Bengin
/content/Malignant/Malignant case (418).jpg,Bengin
/content/Malignant/Malignant case (118).jpg,Bengin
/content/Malignant/Malignant case (203).jpg,Bengin
/content/Malignant/Malignant case (53).jpg,Bengin
/content/Malignant/Malignant case (507).jpg,Bengin
/content/Malignant/Malignant case (238).jpg,Bengin
/content/Malignant/Malignant case (549).jpg,Bengin
/content/Malignant/Malignant case (384).jpg,Bengin
/content/Malignant/Malignant case (134).jpg,Bengin
/content/Malignant/Malignant case (41).jpg,Bengin
/content/Malignant/Malignant case (189).jpg,Bengin
/content/Malignant/Malignant case (554).jpg,Bengin
/content/Malignant/Malignant case (449).jpg,Bengin
/content/Malignant/Malignant case (453).jpg,Bengin
/content/Malignant/Malignant case (492).jpg,Bengin
/content/Malignant/Malignant case (487).jpg,Bengin
/content/Malignant/Malignant case (256).jpg,Bengin
/content/Malignant/Malignant case (148).jpg,Bengin
/content/Malignant/Malignant case (36).jpg,Bengin
/content/Malignant/Malignant case (154).jpg,Bengin
/content/Malignant/Malignant case (116).jpg,Bengin
/content/Malignant/Malignant case (33).jpg,Bengin
/content/Malignant/Malignant case (50).jpg,Bengin
/content/Malignant/Malignant case (182).jpg,Bengin
/content/Malignant/Malignant case (512).jpg,Bengin
/content/Malignant/Malignant case (264).jpg,Bengin
/content/Malignant/Malignant case (386).jpg,Bengin
/content/Malignant/Malignant case (339).jpg,Bengin
/content/Malignant/Malignant case (403).jpg,Bengin
/content/Malignant/Malignant case (161).jpg,Bengin
/content/Malignant/Malignant case (318).jpg,Bengin
/content/Malignant/Malignant case (245).jpg,Bengin
/content/Malignant/Malignant case (353).jpg,Bengin
/content/Malignant/Malignant case (475).jpg,Bengin
/content/Malignant/Malignant case (371).jpg,Bengin
/content/Malignant/Malignant case (143).jpg,Bengin
/content/Malignant/Malignant case (131).jpg,Bengin
/content/Malignant/Malignant case (69).jpg,Bengin
/content/Malignant/Malignant case (1).jpg,Bengin
/content/Malignant/Malignant case (483).jpg,Bengin
/content/Malignant/Malignant case (104).jpg,Bengin
/content/Malignant/Malignant case (436).jpg,Bengin
/content/Malignant/Malignant case (522).jpg,Bengin
/content/Malignant/Malignant case (52).jpg,Bengin
/content/Malignant/Malignant case (285).jpg,Bengin
/content/Malignant/Malignant case (291).jpg,Bengin
/content/Malignant/Malignant case (59).jpg,Bengin
/content/Malignant/Malignant case (289).jpg,Bengin
/content/Malignant/Malignant case (233).jpg,Bengin
/content/Malignant/Malignant case (55).jpg,Bengin
/content/Malignant/Malignant case (431).jpg,Bengin
/content/Malignant/Malignant case (452).jpg,Bengin
/content/Malignant/Malignant case (101).jpg,Bengin
/content/Malignant/Malignant case (11).jpg,Bengin
/content/Malignant/Malignant case (368).jpg,Bengin
/content/Malignant/Malignant case (84).jpg,Bengin
/content/Malignant/Malignant case (473).jpg,Bengin
/content/Malignant/Malignant case (521).jpg,Bengin
/content/Malignant/Malignant case (438).jpg,Bengin
/content/Malignant/Malignant case (205).jpg,Bengin
/content/Malignant/Malignant case (317).jpg,Bengin
/content/Malignant/Malignant case (391).jpg,Bengin
/content/Malignant/Malignant case (197).jpg,Bengin
/content/Malignant/Malignant case (17).jpg,Bengin
/content/Malignant/Malignant case (426).jpg,Bengin
/content/Malignant/Malignant case (56).jpg,Bengin
/content/Malignant/Malignant case (48).jpg,Bengin
/content/Malignant/Malignant case (244).jpg,Bengin
/content/Malignant/Malignant case (324).jpg,Bengin
/content/Malignant/Malignant case (241).jpg,Bengin
/content/Malignant/Malignant case (206).jpg,Bengin
/content/Malignant/Malignant case (217).jpg,Bengin
/content/Malignant/Malignant case (220).jpg,Bengin
/content/Malignant/Malignant case (129).jpg,Bengin
/content/Malignant/Malignant case (277).jpg,Bengin
/content/Malignant/Malignant case (518).jpg,Bengin
/content/Malignant/Malignant case (38).jpg,Bengin
/content/Malignant/Malignant case (509).jpg,Bengin
/content/Malignant/Malignant case (260).jpg,Bengin
/content/Malignant/Malignant case (114).jpg,Bengin
/content/Malignant/Malignant case (421).jpg,Bengin
/content/Malignant/Malignant case (352).jpg,Bengin
/content/Malignant/Malignant case (201).jpg,Bengin
/content/Malignant/Malignant case (375).jpg,Bengin
/content/Malignant/Malignant case (167).jpg,Bengin
/content/Malignant/Malignant case (122).jpg,Bengin
/content/Malignant/Malignant case (366).jpg,Bengin
/content/Malignant/Malignant case (342).jpg,Bengin
/content/Malignant/Malignant case (504).jpg,Bengin
/content/Malignant/Malignant case (191).jpg,Bengin
/content/Malignant/Malignant case (559).jpg,Bengin
/content/Malignant/Malignant case (137).jpg,Bengin
/content/Malignant/Malignant case (463).jpg,Bengin
/content/Malignant/Malignant case (31).jpg,Bengin
/content/Malignant/Malignant case (462).jpg,Bengin
/content/Malignant/Malignant case (312).jpg,Bengin
/content/Malignant/Malignant case (304).jpg,Bengin
/content/Malignant/Malignant case (538).jpg,Bengin
/content/Malignant/Malignant case (543).jpg,Bengin
/content/Malignant/Malignant case (501).jpg,Bengin
/content/Malignant/Malignant case (485).jpg,Bengin
/content/Malignant/Malignant case (179).jpg,Bengin
/content/Malignant/Malignant case (491).jpg,Bengin
/content/Malignant/Malignant case (427).jpg,Bengin
/content/Malignant/Malignant case (505).jpg,Bengin
/content/Malignant/Malignant case (556).jpg,Bengin
/content/Malignant/Malignant case (259).jpg,Bengin
/content/Malignant/Malignant case (350).jpg,Bengin
/content/Malignant/Malignant case (184).jpg,Bengin
/content/Malignant/Malignant case (142).jpg,Bengin
/content/Malignant/Malignant case (124).jpg,Bengin
/content/Malignant/Malignant case (529).jpg,Bengin
/content/Malignant/Malignant case (144).jpg,Bengin
/content/Malignant/Malignant case (2).jpg,Bengin
/content/Malignant/Malignant case (296).jpg,Bengin
/content/Malignant/Malignant case (252).jpg,Bengin
/content/Malignant/Malignant case (254).jpg,Bengin
/content/Malignant/Malignant case (329).jpg,Bengin
/content/Malignant/Malignant case (435).jpg,Bengin
/content/Malignant/Malignant case (374).jpg,Bengin
/content/Malignant/Malignant case (404).jpg,Bengin
/content/Malignant/Malignant case (20).jpg,Bengin
/content/Malignant/Malignant case (58).jpg,Bengin
/content/Malignant/Malignant case (390).jpg,Bengin
/content/Malignant/Malignant case (536).jpg,Bengin
/content/Malignant/Malignant case (253).jpg,Bengin
/content/Malignant/Malignant case (331).jpg,Bengin
/content/Malignant/Malignant case (112).jpg,Bengin
/content/Malignant/Malignant case (186).jpg,Bengin
/content/Malignant/Malignant case (363).jpg,Bengin
/content/Malignant/Malignant case (474).jpg,Bengin
/content/Malignant/Malignant case (310).jpg,Bengin
/content/Malignant/Malignant case (333).jpg,Bengin
/content/Malignant/Malignant case (498).jpg,Bengin
/content/Malignant/Malignant case (348).jpg,Bengin
/content/Malignant/Malignant case (163).jpg,Bengin
/content/Malignant/Malignant case (489).jpg,Bengin
/content/Malignant/Malignant case (237).jpg,Bengin
/content/Malignant/Malignant case (422).jpg,Bengin
/content/Malignant/Malignant case (497).jpg,Bengin
/content/Malignant/Malignant case (204).jpg,Bengin
/content/Malignant/Malignant case (307).jpg,Bengin
/content/Malignant/Malignant case (221).jpg,Bengin
/content/Malignant/Malignant case (257).jpg,Bengin
/content/Malignant/Malignant case (451).jpg,Bengin
/content/Malignant/Malignant case (495).jpg,Bengin
/content/Malignant/Malignant case (278).jpg,Bengin
/content/Malignant/Malignant case (181).jpg,Bengin
/content/Malignant/Malignant case (322).jpg,Bengin
/content/Malignant/Malignant case (385).jpg,Bengin
/content/Malignant/Malignant case (496).jpg,Bengin
/content/Malignant/Malignant case (464).jpg,Bengin
/content/Malignant/Malignant case (365).jpg,Bengin
/content/Malignant/Malignant case (158).jpg,Bengin
/content/Malignant/Malignant case (146).jpg,Bengin
/content/Malignant/Malignant case (515).jpg,Bengin
/content/Malignant/Malignant case (332).jpg,Bengin
/content/Malignant/Malignant case (349).jpg,Bengin
/content/Malignant/Malignant case (120).jpg,Bengin
/content/Malignant/Malignant case (109).jpg,Bengin
/content/Malignant/Malignant case (178).jpg,Bengin
/content/Malignant/Malignant case (117).jpg,Bengin
/content/Malignant/Malignant case (46).jpg,Bengin
/content/Malignant/Malignant case (227).jpg,Bengin
/content/Malignant/Malignant case (327).jpg,Bengin
/content/Malignant/Malignant case (297).jpg,Bengin
/content/Malignant/Malignant case (45).jpg,Bengin
/content/Malignant/Malignant case (330).jpg,Bengin
/content/Malignant/Malignant case (387).jpg,Bengin
/content/Malignant/Malignant case (288).jpg,Bengin
/content/Malignant/Malignant case (62).jpg,Bengin
/content/Malignant/Malignant case (200).jpg,Bengin
/content/Malignant/Malignant case (16).jpg,Bengin
/content/Malignant/Malignant case (544).jpg,Bengin
/content/Malignant/Malignant case (528).jpg,Bengin
/content/Malignant/Malignant case (542).jpg,Bengin
/content/Malignant/Malignant case (115).jpg,Bengin
/content/Malignant/Malignant case (541).jpg,Bengin
/content/Malignant/Malignant case (479).jpg,Bengin
/content/Malignant/Malignant case (188).jpg,Bengin
/content/Malignant/Malignant case (402).jpg,Bengin
/content/Malignant/Malignant case (302).jpg,Bengin
/content/Malignant/Malignant case (383).jpg,Bengin
/content/Malignant/Malignant case (208).jpg,Bengin
/content/Malignant/Malignant case (190).jpg,Bengin
/content/Malignant/Malignant case (25).jpg,Bengin
/content/Malignant/Malignant case (149).jpg,Bengin
/content/Malignant/Malignant case (272).jpg,Bengin
/content/Malignant/Malignant case (294).jpg,Bengin
/content/Malignant/Malignant case (85).jpg,Bengin
/content/Malignant/Malignant case (546).jpg,Bengin
/content/Malignant/Malignant case (79).jpg,Bengin
/content/Malignant/Malignant case (555).jpg,Bengin
/content/Malignant/Malignant case (78).jpg,Bengin
/content/Malignant/Malignant case (406).jpg,Bengin
/content/Malignant/Malignant case (430).jpg,Bengin
/content/Malignant/Malignant case (553).jpg,Bengin
/content/Malignant/Malignant case (459).jpg,Bengin
/content/Malignant/Malignant case (77).jpg,Bengin
/content/Malignant/Malignant case (523).jpg,Bengin
/content/Malignant/Malignant case (557).jpg,Bengin
/content/Malignant/Malignant case (27).jpg,Bengin
/content/Malignant/Malignant case (130).jpg,Bengin
/content/Malignant/Malignant case (508).jpg,Bengin
/content/Malignant/Malignant case (355).jpg,Bengin
/content/Malignant/Malignant case (381).jpg,Bengin
/content/Malignant/Malignant case (480).jpg,Bengin
/content/Malignant/Malignant case (445).jpg,Bengin
/content/Malignant/Malignant case (73).jpg,Bengin
/content/Malignant/Malignant case (26).jpg,Bengin
/content/Malignant/Malignant case (207).jpg,Bengin
/content/Malignant/Malignant case (63).jpg,Bengin
/content/Malignant/Malignant case (367).jpg,Bengin
/content/Malignant/Malignant case (275).jpg,Bengin
/content/Malignant/Malignant case (160).jpg,Bengin
/content/Malignant/Malignant case (511).jpg,Bengin
/content/Malignant/Malignant case (168).jpg,Bengin
/content/Malignant/Malignant case (229).jpg,Bengin
/content/Malignant/Malignant case (343).jpg,Bengin
/content/Malignant/Malignant case (236).jpg,Bengin
/content/Malignant/Malignant case (261).jpg,Bengin
/content/Malignant/Malignant case (82).jpg,Bengin
/content/Malignant/Malignant case (440).jpg,Bengin
/content/Malignant/Malignant case (225).jpg,Bengin
/content/Malignant/Malignant case (60).jpg,Bengin
/content/Malignant/Malignant case (32).jpg,Bengin
/content/Malignant/Malignant case (423).jpg,Bengin
/content/Malignant/Malignant case (439).jpg,Bengin
/content/Malignant/Malignant case (42).jpg,Bengin
/content/Malignant/Malignant case (356).jpg,Bengin
/content/Malignant/Malignant case (444).jpg,Bengin
/content/Malignant/Malignant case (455).jpg,Bengin
/content/Malignant/Malignant case (470).jpg,Bengin
/content/Malignant/Malignant case (21).jpg,Bengin
/content/Malignant/Malignant case (187).jpg,Bengin
/content/Malignant/Malignant case (552).jpg,Bengin
/content/Malignant/Malignant case (145).jpg,Bengin
/content/Malignant/Malignant case (411).jpg,Bengin
/content/Malignant/Malignant case (121).jpg,Bengin
/content/Malignant/Malignant case (96).jpg,Bengin
/content/Malignant/Malignant case (364).jpg,Bengin
/content/Malignant/Malignant case (472).jpg,Bengin
/content/Malignant/Malignant case (530).jpg,Bengin
/content/Malignant/Malignant case (94).jpg,Bengin
/content/Malignant/Malignant case (87).jpg,Bengin
/content/Malignant/Malignant case (456).jpg,Bengin
/content/Malignant/Malignant case (70).jpg,Bengin
/content/Malignant/Malignant case (447).jpg,Bengin
/content/Malignant/Malignant case (133).jpg,Bengin
/content/Malignant/Malignant case (494).jpg,Bengin
/content/Malignant/Malignant case (303).jpg,Bengin
/content/Malignant/Malignant case (37).jpg,Bengin
/content/Malignant/Malignant case (61).jpg,Bengin
/content/Malignant/Malignant case (172).jpg,Bengin
/content/Malignant/Malignant case (286).jpg,Bengin
/content/Malignant/Malignant case (180).jpg,Bengin
/content/Malignant/Malignant case (372).jpg,Bengin
/content/Malignant/Malignant case (298).jpg,Bengin
/content/Malignant/Malignant case (218).jpg,Bengin
/content/Malignant/Malignant case (13).jpg,Bengin
/content/Malignant/Malignant case (28).jpg,Bengin
/content/Malignant/Malignant case (93).jpg,Bengin
/content/Malignant/Malignant case (263).jpg,Bengin
/content/Malignant/Malignant case (293).jpg,Bengin
/content/Malignant/Malignant case (460).jpg,Bengin
/content/Malignant/Malignant case (9).jpg,Bengin
/content/Malignant/Malignant case (388).jpg,Bengin
/content/Malignant/Malignant case (345).jpg,Bengin
/content/Malignant/Malignant case (14).jpg,Bengin
/content/Malignant/Malignant case (174).jpg,Bengin
/content/Malignant/Malignant case (150).jpg,Bengin
/content/Malignant/Malignant case (40).jpg,Bengin
/content/Malignant/Malignant case (195).jpg,Bengin
/content/Malignant/Malignant case (477).jpg,Bengin
/content/Malignant/Malignant case (400).jpg,Bengin
/content/Malignant/Malignant case (170).jpg,Bengin
/content/Malignant/Malignant case (281).jpg,Bengin
/content/Malignant/Malignant case (155).jpg,Bengin
/content/Malignant/Malignant case (4).jpg,Bengin
/content/Malignant/Malignant case (249).jpg,Bengin
/content/Malignant/Malignant case (140).jpg,Bengin
/content/Malignant/Malignant case (433).jpg,Bengin
/content/Malignant/Malignant case (258).jpg,Bengin
/content/Malignant/Malignant case (311).jpg,Bengin
/content/Malignant/Malignant case (135).jpg,Bengin
/content/Malignant/Malignant case (239).jpg,Bengin
/content/Malignant/Malignant case (231).jpg,Bengin
/content/Malignant/Malignant case (268).jpg,Bengin
/content/Malignant/Malignant case (560).jpg,Bengin
/content/Malignant/Malignant case (99).jpg,Bengin
/content/Malignant/Malignant case (108).jpg,Bengin
/content/Malignant/Malignant case (369).jpg,Bengin
/content/Malignant/Malignant case (64).jpg,Bengin
/content/Malignant/Malignant case (66).jpg,Bengin
/content/Malignant/Malignant case (382).jpg,Bengin
/content/Malignant/Malignant case (270).jpg,Bengin
/content/Malignant/Malignant case (315).jpg,Bengin
/content/Malignant/Malignant case (283).jpg,Bengin
/content/Malignant/Malignant case (295).jpg,Bengin
/content/Malignant/Malignant case (74).jpg,Bengin
/content/Malignant/Malignant case (139).jpg,Bengin
/content/Malignant/Malignant case (547).jpg,Bengin
/content/Malignant/Malignant case (545).jpg,Bengin
/content/Malignant/Malignant case (199).jpg,Bengin
/content/Malignant/Malignant case (251).jpg,Bengin
/content/Malignant/Malignant case (51).jpg,Bengin
/content/Malignant/Malignant case (202).jpg,Bengin
/content/Malignant/Malignant case (484).jpg,Bengin
/content/Normal/Normal case (330).jpg,Bengin
/content/Normal/Normal case (231).jpg,Bengin
/content/Normal/Normal case (200).jpg,Bengin
/content/Normal/Normal case (33).jpg,Bengin
/content/Normal/Normal case (323).jpg,Bengin
/content/Normal/Normal case (366).jpg,Bengin
/content/Normal/Normal case (400).jpg,Bengin
/content/Normal/Normal case (81).jpg,Bengin
/content/Normal/Normal case (36).jpg,Bengin
/content/Normal/Normal case (186).jpg,Bengin
/content/Normal/Normal case (203).jpg,Bengin
/content/Normal/Normal case (142).jpg,Bengin
/content/Normal/Normal case (143).jpg,Bengin
/content/Normal/Normal case (301).jpg,Bengin
/content/Normal/Normal case (168).jpg,Bengin
/content/Normal/Normal case (120).jpg,Bengin
/content/Normal/Normal case (397).jpg,Bengin
/content/Normal/Normal case (297).jpg,Bengin
/content/Normal/Normal case (121).jpg,Bengin
/content/Normal/Normal case (233).jpg,Bengin
/content/Normal/Normal case (373).jpg,Bengin
/content/Normal/Normal case (398).jpg,Bengin
/content/Normal/Normal case (238).jpg,Bengin
/content/Normal/Normal case (94).jpg,Bengin
/content/Normal/Normal case (193).jpg,Bengin
/content/Normal/Normal case (311).jpg,Bengin
/content/Normal/Normal case (50).jpg,Bengin
/content/Normal/Normal case (254).jpg,Bengin
/content/Normal/Normal case (274).jpg,Bengin
/content/Normal/Normal case (87).jpg,Bengin
/content/Normal/Normal case (5).jpg,Bengin
/content/Normal/Normal case (37).jpg,Bengin
/content/Normal/Normal case (350).jpg,Bengin
/content/Normal/Normal case (128).jpg,Bengin
/content/Normal/Normal case (17).jpg,Bengin
/content/Normal/Normal case (380).jpg,Bengin
/content/Normal/Normal case (49).jpg,Bengin
/content/Normal/Normal case (413).jpg,Bengin
/content/Normal/Normal case (258).jpg,Bengin
/content/Normal/Normal case (362).jpg,Bengin
/content/Normal/Normal case (107).jpg,Bengin
/content/Normal/Normal case (74).jpg,Bengin
/content/Normal/Normal case (2).jpg,Bengin
/content/Normal/Normal case (320).jpg,Bengin
/content/Normal/Normal case (384).jpg,Bengin
/content/Normal/Normal case (138).jpg,Bengin
/content/Normal/Normal case (364).jpg,Bengin
/content/Normal/Normal case (310).jpg,Bengin
/content/Normal/Normal case (115).jpg,Bengin
/content/Normal/Normal case (314).jpg,Bengin
/content/Normal/Normal case (173).jpg,Bengin
/content/Normal/Normal case (406).jpg,Bengin
/content/Normal/Normal case (167).jpg,Bengin
/content/Normal/Normal case (190).jpg,Bengin
/content/Normal/Normal case (159).jpg,Bengin
/content/Normal/Normal case (39).jpg,Bengin
/content/Normal/Normal case (390).jpg,Bengin
/content/Normal/Normal case (202).jpg,Bengin
/content/Normal/Normal case (179).jpg,Bengin
/content/Normal/Normal case (273).jpg,Bengin
/content/Normal/Normal case (396).jpg,Bengin
/content/Normal/Normal case (415).jpg,Bengin
/content/Normal/Normal case (296).jpg,Bengin
/content/Normal/Normal case (368).jpg,Bengin
/content/Normal/Normal case (225).jpg,Bengin
/content/Normal/Normal case (126).jpg,Bengin
/content/Normal/Normal case (213).jpg,Bengin
/content/Normal/Normal case (405).jpg,Bengin
/content/Normal/Normal case (149).jpg,Bengin
/content/Normal/Normal case (345).jpg,Bengin
/content/Normal/Normal case (290).jpg,Bengin
/content/Normal/Normal case (266).jpg,Bengin
/content/Normal/Normal case (124).jpg,Bengin
/content/Normal/Normal case (112).jpg,Bengin
/content/Normal/Normal case (54).jpg,Bengin
/content/Normal/Normal case (65).jpg,Bengin
/content/Normal/Normal case (98).jpg,Bengin
/content/Normal/Normal case (156).jpg,Bengin
/content/Normal/Normal case (204).jpg,Bengin
/content/Normal/Normal case (306).jpg,Bengin
/content/Normal/Normal case (78).jpg,Bengin
/content/Normal/Normal case (32).jpg,Bengin
/content/Normal/Normal case (269).jpg,Bengin
/content/Normal/Normal case (44).jpg,Bengin
/content/Normal/Normal case (278).jpg,Bengin
/content/Normal/Normal case (281).jpg,Bengin
/content/Normal/Normal case (394).jpg,Bengin
/content/Normal/Normal case (265).jpg,Bengin
/content/Normal/Normal case (386).jpg,Bengin
/content/Normal/Normal case (375).jpg,Bengin
/content/Normal/Normal case (166).jpg,Bengin
/content/Normal/Normal case (245).jpg,Bengin
/content/Normal/Normal case (188).jpg,Bengin
/content/Normal/Normal case (262).jpg,Bengin
/content/Normal/Normal case (8).jpg,Bengin
/content/Normal/Normal case (391).jpg,Bengin
/content/Normal/Normal case (6).jpg,Bengin
/content/Normal/Normal case (409).jpg,Bengin
/content/Normal/Normal case (57).jpg,Bengin
/content/Normal/Normal case (374).jpg,Bengin
/content/Normal/Normal case (59).jpg,Bengin
/content/Normal/Normal case (151).jpg,Bengin
/content/Normal/Normal case (150).jpg,Bengin
/content/Normal/Normal case (13).jpg,Bengin
/content/Normal/Normal case (335).jpg,Bengin
/content/Normal/Normal case (12).jpg,Bengin
/content/Normal/Normal case (351).jpg,Bengin
/content/Normal/Normal case (160).jpg,Bengin
/content/Normal/Normal case (30).jpg,Bengin
/content/Normal/Normal case (331).jpg,Bengin
/content/Normal/Normal case (346).jpg,Bengin
/content/Normal/Normal case (303).jpg,Bengin
/content/Normal/Normal case (286).jpg,Bengin
/content/Normal/Normal case (239).jpg,Bengin
/content/Normal/Normal case (106).jpg,Bengin
/content/Normal/Normal case (48).jpg,Bengin
/content/Normal/Normal case (53).jpg,Bengin
/content/Normal/Normal case (133).jpg,Bengin
/content/Normal/Normal case (300).jpg,Bengin
/content/Normal/Normal case (404).jpg,Bengin
/content/Normal/Normal case (339).jpg,Bengin
/content/Normal/Normal case (43).jpg,Bengin
/content/Normal/Normal case (292).jpg,Bengin
/content/Normal/Normal case (316).jpg,Bengin
/content/Normal/Normal case (130).jpg,Bengin
/content/Normal/Normal case (187).jpg,Bengin
/content/Normal/Normal case (161).jpg,Bengin
/content/Normal/Normal case (34).jpg,Bengin
/content/Normal/Normal case (137).jpg,Bengin
/content/Normal/Normal case (77).jpg,Bengin
/content/Normal/Normal case (92).jpg,Bengin
/content/Normal/Normal case (127).jpg,Bengin
/content/Normal/Normal case (145).jpg,Bengin
/content/Normal/Normal case (100).jpg,Bengin
/content/Normal/Normal case (197).jpg,Bengin
/content/Normal/Normal case (194).jpg,Bengin
/content/Normal/Normal case (181).jpg,Bengin
/content/Normal/Normal case (58).jpg,Bengin
/content/Normal/Normal case (85).jpg,Bengin
/content/Normal/Normal case (19).jpg,Bengin
/content/Normal/Normal case (103).jpg,Bengin
/content/Normal/Normal case (118).jpg,Bengin
/content/Normal/Normal case (271).jpg,Bengin
/content/Normal/Normal case (377).jpg,Bengin
/content/Normal/Normal case (369).jpg,Bengin
/content/Normal/Normal case (123).jpg,Bengin
/content/Normal/Normal case (217).jpg,Bengin
/content/Normal/Normal case (243).jpg,Bengin
/content/Normal/Normal case (219).jpg,Bengin
/content/Normal/Normal case (141).jpg,Bengin
/content/Normal/Normal case (67).jpg,Bengin
/content/Normal/Normal case (291).jpg,Bengin
/content/Normal/Normal case (207).jpg,Bengin
/content/Normal/Normal case (326).jpg,Bengin
/content/Normal/Normal case (208).jpg,Bengin
/content/Normal/Normal case (261).jpg,Bengin
/content/Normal/Normal case (371).jpg,Bengin
/content/Normal/Normal case (61).jpg,Bengin
/content/Normal/Normal case (63).jpg,Bengin
/content/Normal/Normal case (289).jpg,Bengin
/content/Normal/Normal case (372).jpg,Bengin
/content/Normal/Normal case (24).jpg,Bengin
/content/Normal/Normal case (307).jpg,Bengin
/content/Normal/Normal case (249).jpg,Bengin
/content/Normal/Normal case (342).jpg,Bengin
/content/Normal/Normal case (178).jpg,Bengin
/content/Normal/Normal case (224).jpg,Bengin
/content/Normal/Normal case (176).jpg,Bengin
/content/Normal/Normal case (242).jpg,Bengin
/content/Normal/Normal case (177).jpg,Bengin
/content/Normal/Normal case (129).jpg,Bengin
/content/Normal/Normal case (20).jpg,Bengin
/content/Normal/Normal case (283).jpg,Bengin
/content/Normal/Normal case (162).jpg,Bengin
/content/Normal/Normal case (315).jpg,Bengin
/content/Normal/Normal case (27).jpg,Bengin
/content/Normal/Normal case (244).jpg,Bengin
/content/Normal/Normal case (79).jpg,Bengin
/content/Normal/Normal case (284).jpg,Bengin
/content/Normal/Normal case (72).jpg,Bengin
/content/Normal/Normal case (248).jpg,Bengin
/content/Normal/Normal case (14).jpg,Bengin
/content/Normal/Normal case (352).jpg,Bengin
/content/Normal/Normal case (199).jpg,Bengin
/content/Normal/Normal case (267).jpg,Bengin
/content/Normal/Normal case (135).jpg,Bengin
/content/Normal/Normal case (220).jpg,Bengin
/content/Normal/Normal case (84).jpg,Bengin
/content/Normal/Normal case (293).jpg,Bengin
/content/Normal/Normal case (393).jpg,Bengin
/content/Normal/Normal case (148).jpg,Bengin
/content/Normal/Normal case (45).jpg,Bengin
/content/Normal/Normal case (270).jpg,Bengin
/content/Normal/Normal case (319).jpg,Bengin
/content/Normal/Normal case (1).jpg,Bengin
/content/Normal/Normal case (184).jpg,Bengin
/content/Normal/Normal case (253).jpg,Bengin
/content/Normal/Normal case (223).jpg,Bengin
/content/Normal/Normal case (205).jpg,Bengin
/content/Normal/Normal case (257).jpg,Bengin
/content/Normal/Normal case (140).jpg,Bengin
/content/Normal/Normal case (336).jpg,Bengin
/content/Normal/Normal case (282).jpg,Bengin
/content/Normal/Normal case (183).jpg,Bengin
/content/Normal/Normal case (325).jpg,Bengin
/content/Normal/Normal case (360).jpg,Bengin
/content/Normal/Normal case (340).jpg,Bengin
/content/Normal/Normal case (25).jpg,Bengin
/content/Normal/Normal case (26).jpg,Bengin
/content/Normal/Normal case (277).jpg,Bengin
/content/Normal/Normal case (379).jpg,Bengin
/content/Normal/Normal case (119).jpg,Bengin
/content/Normal/Normal case (255).jpg,Bengin
/content/Normal/Normal case (358).jpg,Bengin
/content/Normal/Normal case (234).jpg,Bengin
/content/Normal/Normal case (252).jpg,Bengin
/content/Normal/Normal case (251).jpg,Bengin
/content/Normal/Normal case (96).jpg,Bengin
/content/Normal/Normal case (97).jpg,Bengin
/content/Normal/Normal case (402).jpg,Bengin
/content/Normal/Normal case (105).jpg,Bengin
/content/Normal/Normal case (75).jpg,Bengin
/content/Normal/Normal case (52).jpg,Bengin
/content/Normal/Normal case (410).jpg,Bengin
/content/Normal/Normal case (144).jpg,Bengin
/content/Normal/Normal case (298).jpg,Bengin
/content/Normal/Normal case (329).jpg,Bengin
/content/Normal/Normal case (155).jpg,Bengin
/content/Normal/Normal case (134).jpg,Bengin
/content/Normal/Normal case (165).jpg,Bengin
/content/Normal/Normal case (259).jpg,Bengin
/content/Normal/Normal case (83).jpg,Bengin
/content/Normal/Normal case (349).jpg,Bengin
/content/Normal/Normal case (99).jpg,Bengin
/content/Normal/Normal case (256).jpg,Bengin
/content/Normal/Normal case (355).jpg,Bengin
/content/Normal/Normal case (367).jpg,Bengin
/content/Normal/Normal case (299).jpg,Bengin
/content/Normal/Normal case (210).jpg,Bengin
/content/Normal/Normal case (332).jpg,Bengin
/content/Normal/Normal case (312).jpg,Bengin
/content/Normal/Normal case (28).jpg,Bengin
/content/Normal/Normal case (328).jpg,Bengin
/content/Normal/Normal case (218).jpg,Bengin
/content/Normal/Normal case (313).jpg,Bengin
/content/Normal/Normal case (227).jpg,Bengin
/content/Normal/Normal case (228).jpg,Bengin
/content/Normal/Normal case (327).jpg,Bengin
/content/Normal/Normal case (334).jpg,Bengin
/content/Normal/Normal case (109).jpg,Bengin
/content/Normal/Normal case (158).jpg,Bengin
/content/Normal/Normal case (108).jpg,Bengin
/content/Normal/Normal case (47).jpg,Bengin
/content/Normal/Normal case (95).jpg,Bengin
/content/Normal/Normal case (9).jpg,Bengin
/content/Normal/Normal case (80).jpg,Bengin
/content/Normal/Normal case (399).jpg,Bengin
/content/Normal/Normal case (416).jpg,Bengin
/content/Normal/Normal case (89).jpg,Bengin
/content/Normal/Normal case (73).jpg,Bengin
/content/Normal/Normal case (317).jpg,Bengin
/content/Normal/Normal case (359).jpg,Bengin
/content/Normal/Normal case (383).jpg,Bengin
/content/Normal/Normal case (60).jpg,Bengin
/content/Normal/Normal case (353).jpg,Bengin
/content/Normal/Normal case (294).jpg,Bengin
/content/Normal/Normal case (195).jpg,Bengin
/content/Normal/Normal case (403).jpg,Bengin
/content/Normal/Normal case (163).jpg,Bengin
/content/Normal/Normal case (174).jpg,Bengin
/content/Normal/Normal case (101).jpg,Bengin
/content/Normal/Normal case (348).jpg,Bengin
/content/Normal/Normal case (247).jpg,Bengin
/content/Normal/Normal case (154).jpg,Bengin
/content/Normal/Normal case (38).jpg,Bengin
/content/Normal/Normal case (10).jpg,Bengin
/content/Normal/Normal case (361).jpg,Bengin
/content/Normal/Normal case (357).jpg,Bengin
/content/Normal/Normal case (86).jpg,Bengin
/content/Normal/Normal case (236).jpg,Bengin
/content/Normal/Normal case (91).jpg,Bengin
/content/Normal/Normal case (206).jpg,Bengin
/content/Normal/Normal case (337).jpg,Bengin
/content/Normal/Normal case (381).jpg,Bengin
/content/Normal/Normal case (114).jpg,Bengin
/content/Normal/Normal case (146).jpg,Bengin
/content/Normal/Normal case (185).jpg,Bengin
/content/Normal/Normal case (131).jpg,Bengin
/content/Normal/Normal case (90).jpg,Bengin
/content/Normal/Normal case (280).jpg,Bengin
/content/Normal/Normal case (62).jpg,Bengin
/content/Normal/Normal case (116).jpg,Bengin
/content/Normal/Normal case (40).jpg,Bengin
/content/Normal/Normal case (235).jpg,Bengin
/content/Normal/Normal case (70).jpg,Bengin
/content/Normal/Normal case (172).jpg,Bengin
/content/Normal/Normal case (76).jpg,Bengin
/content/Normal/Normal case (21).jpg,Bengin
/content/Normal/Normal case (411).jpg,Bengin
/content/Normal/Normal case (304).jpg,Bengin
/content/Normal/Normal case (209).jpg,Bengin
/content/Normal/Normal case (263).jpg,Bengin
/content/Normal/Normal case (305).jpg,Bengin
/content/Normal/Normal case (35).jpg,Bengin
/content/Normal/Normal case (3).jpg,Bengin
/content/Normal/Normal case (11).jpg,Bengin
/content/Normal/Normal case (69).jpg,Bengin
/content/Normal/Normal case (16).jpg,Bengin
/content/Normal/Normal case (189).jpg,Bengin
/content/Normal/Normal case (395).jpg,Bengin
/content/Normal/Normal case (226).jpg,Bengin
/content/Normal/Normal case (164).jpg,Bengin
/content/Normal/Normal case (272).jpg,Bengin
/content/Normal/Normal case (246).jpg,Bengin
/content/Normal/Normal case (113).jpg,Bengin
/content/Normal/Normal case (4).jpg,Bengin
/content/Normal/Normal case (318).jpg,Bengin
/content/Normal/Normal case (132).jpg,Bengin
/content/Normal/Normal case (414).jpg,Bengin
/content/Normal/Normal case (387).jpg,Bengin
/content/Normal/Normal case (29).jpg,Bengin
/content/Normal/Normal case (392).jpg,Bengin
/content/Normal/Normal case (221).jpg,Bengin
/content/Normal/Normal case (356).jpg,Bengin
/content/Normal/Normal case (216).jpg,Bengin
/content/Normal/Normal case (55).jpg,Bengin
/content/Normal/Normal case (152).jpg,Bengin
/content/Normal/Normal case (378).jpg,Bengin
/content/Normal/Normal case (171).jpg,Bengin
/content/Normal/Normal case (309).jpg,Bengin
/content/Normal/Normal case (198).jpg,Bengin
/content/Normal/Normal case (302).jpg,Bengin
/content/Normal/Normal case (322).jpg,Bengin
/content/Normal/Normal case (51).jpg,Bengin
/content/Normal/Normal case (237).jpg,Bengin
/content/Normal/Normal case (333).jpg,Bengin
/content/Normal/Normal case (222).jpg,Bengin
/content/Normal/Normal case (344).jpg,Bengin
/content/Normal/Normal case (191).jpg,Bengin
/content/Normal/Normal case (157).jpg,Bengin
/content/Normal/Normal case (412).jpg,Bengin
/content/Normal/Normal case (341).jpg,Bengin
/content/Normal/Normal case (22).jpg,Bengin
/content/Normal/Normal case (370).jpg,Bengin
/content/Normal/Normal case (408).jpg,Bengin
/content/Normal/Normal case (407).jpg,Bengin
/content/Normal/Normal case (68).jpg,Bengin
/content/Normal/Normal case (285).jpg,Bengin
/content/Normal/Normal case (215).jpg,Bengin
/content/Normal/Normal case (31).jpg,Bengin
/content/Normal/Normal case (175).jpg,Bengin
/content/Normal/Normal case (122).jpg,Bengin
/content/Normal/Normal case (7).jpg,Bengin
/content/Normal/Normal case (93).jpg,Bengin
/content/Normal/Normal case (82).jpg,Bengin
/content/Normal/Normal case (363).jpg,Bengin
/content/Normal/Normal case (376).jpg,Bengin
/content/Normal/Normal case (212).jpg,Bengin
/content/Normal/Normal case (385).jpg,Bengin
/content/Normal/Normal case (241).jpg,Bengin
/content/Normal/Normal case (211).jpg,Bengin
/content/Normal/Normal case (15).jpg,Bengin
/content/Normal/Normal case (365).jpg,Bengin
/content/Normal/Normal case (88).jpg,Bengin
/content/Normal/Normal case (71).jpg,Bengin
/content/Normal/Normal case (250).jpg,Bengin
/content/Normal/Normal case (192).jpg,Bengin
/content/Normal/Normal case (169).jpg,Bengin
/content/Normal/Normal case (180).jpg,Bengin
/content/Normal/Normal case (308).jpg,Bengin
/content/Normal/Normal case (182).jpg,Bengin
/content/Normal/Normal case (102).jpg,Bengin
/content/Normal/Normal case (268).jpg,Bengin
/content/Normal/Normal case (338).jpg,Bengin
/content/Normal/Normal case (232).jpg,Bengin
/content/Normal/Normal case (343).jpg,Bengin
/content/Normal/Normal case (321).jpg,Bengin
/content/Normal/Normal case (229).jpg,Bengin
/content/Normal/Normal case (388).jpg,Bengin
/content/Normal/Normal case (324).jpg,Bengin
/content/Normal/Normal case (153).jpg,Bengin
/content/Normal/Normal case (170).jpg,Bengin
/content/Normal/Normal case (104).jpg,Bengin
/content/Normal/Normal case (18).jpg,Bengin
/content/Normal/Normal case (279).jpg,Bengin
/content/Normal/Normal case (196).jpg,Bengin
/content/Normal/Normal case (110).jpg,Bengin
/content/Normal/Normal case (117).jpg,Bengin
/content/Normal/Normal case (139).jpg,Bengin
/content/Normal/Normal case (125).jpg,Bengin
/content/Normal/Normal case (56).jpg,Bengin
/content/Normal/Normal case (260).jpg,Bengin
/content/Normal/Normal case (111).jpg,Bengin
/content/Normal/Normal case (382).jpg,Bengin
/content/Normal/Normal case (147).jpg,Bengin
/content/Normal/Normal case (41).jpg,Bengin
/content/Normal/Normal case (295).jpg,Bengin
/content/Normal/Normal case (389).jpg,Bengin
/content/Normal/Normal case (136).jpg,Bengin
/content/Normal/Normal case (214).jpg,Bengin
/content/Normal/Normal case (401).jpg,Bengin
/content/Normal/Normal case (287).jpg,Bengin
/content/Normal/Normal case (276).jpg,Bengin
/content/Normal/Normal case (23).jpg,Bengin
/content/Normal/Normal case (66).jpg,Bengin
/content/Normal/Normal case (201).jpg,Bengin
/content/Normal/Normal case (42).jpg,Bengin
/content/Normal/Normal case (354).jpg,Bengin
/content/Normal/Normal case (230).jpg,Bengin
/content/Normal/Normal case (64).jpg,Bengin
/content/Normal/Normal case (347).jpg,Bengin
/content/Normal/Normal case (275).jpg,Bengin
/content/Normal/Normal case (264).jpg,Bengin
/content/Normal/Normal case (240).jpg,Bengin
/content/Normal/Normal case (46).jpg,Bengin
/content/Normal/Normal case (288).jpg,Bengin
